sku,source_title,product_type,reason,parent_stock,total_variants,available_variants,current_price,affiliate_url
39459292053540,Gift Wrap,Gift Wrap,Artículo no comercializable,N,0,0,6.0,https://loungeeu.sjv.io/c/7518894/3973367/54841?prodsku=39459292053540&u=https%3A%2F%2Feu.lounge.com%2Fproducts%2Fgift-wrap&intsrc=CATF_35417
7396933566500,Lounge e-Gift Card,Gift Cards,Artículo no comercializable,N,6,0,10.0,https://loungeeu.sjv.io/c/7518894/3973367/54841?prodsku=7396933566500&u=https%3A%2F%2Feu.lounge.com%2Fproducts%2Flounge-egift-card&intsrc=CATF_35417
6747710226468,The Lounge Foundation Donation,Donation,Artículo no comercializable,N,4,0,1.0,https://loungeeu.sjv.io/c/7518894/3973367/54841?prodsku=6747710226468&u=https%3A%2F%2Feu.lounge.com%2Fproducts%2Ffyb-donation&intsrc=CATF_35417
15612540387710,Adaline Slip Dress (Set) - Berry,Intimates Set,Sin stock en todas las variantes,N,7,0,70.0,https://loungeeu.sjv.io/c/7518894/3973367/54841?prodsku=15612540387710&u=https%3A%2F%2Feu.lounge.com%2Fproducts%2Fadaline-slip-dress-set-berry&intsrc=CATF_35417
15549637591422,Adore G-String - Wine,Bottoms,Sin stock en todas las variantes,N,6,0,18.0,https://loungeeu.sjv.io/c/7518894/3973367/54841?prodsku=15549637591422&u=https%3A%2F%2Feu.lounge.com%2Fproducts%2Fadore-g-string-wine&intsrc=CATF_35417
7312074145828,Allure Thong - Black,Bottoms,Sin stock en todas las variantes,N,7,0,9.0,https://loungeeu.sjv.io/c/7518894/3973367/54841?prodsku=7312074145828&u=https%3A%2F%2Feu.lounge.com%2Fproducts%2Fallure-thong-black&intsrc=CATF_35417
15012498243966,Anti-Gravity Brazilian Briefs - Black,Bottoms,Sin stock en todas las variantes,N,6,0,14.0,https://loungeeu.sjv.io/c/7518894/3973367/54841?prodsku=15012498243966&u=https%3A%2F%2Feu.lounge.com%2Fproducts%2Fanti-gravity-brazilian-briefs-black&intsrc=CATF_35417
15012498342270,Anti-Gravity Brazilian Briefs - Honey,Bottoms,Sin stock en todas las variantes,N,6,0,14.0,https://loungeeu.sjv.io/c/7518894/3973367/54841?prodsku=15012498342270&u=https%3A%2F%2Feu.lounge.com%2Fproducts%2Fanti-gravity-brazilian-briefs-honey&intsrc=CATF_35417
15012498309502,Anti-Gravity Brazilian Briefs - Nutmeg,Bottoms,Sin stock en todas las variantes,N,6,0,14.0,https://loungeeu.sjv.io/c/7518894/3973367/54841?prodsku=15012498309502&u=https%3A%2F%2Feu.lounge.com%2Fproducts%2Fanti-gravity-brazilian-briefs-nutmeg&intsrc=CATF_35417
15012498375038,Anti-Gravity Thong - Nutmeg,Bottoms,Sin stock en todas las variantes,N,6,0,14.0,https://loungeeu.sjv.io/c/7518894/3973367/54841?prodsku=15012498375038&u=https%3A%2F%2Feu.lounge.com%2Fproducts%2Fanti-gravity-thong-nutmeg&intsrc=CATF_35417
56663816307070,Arabella Blindfold & Hand Tie Bundle - Black,Accessories,Sin stock en todas las variantes,N,0,0,30.0,https://loungeeu.sjv.io/c/7518894/3973367/54841?prodsku=56663816307070&u=https%3A%2F%2Feu.lounge.com%2Fproducts%2Farabella-blindfold-hand-tie-bundle&intsrc=CATF_35417
15701380137342,Arabella Crotchless Thong - Black,Bottoms,Sin stock en todas las variantes,N,6,0,25.0,https://loungeeu.sjv.io/c/7518894/3973367/54841?prodsku=15701380137342&u=https%3A%2F%2Feu.lounge.com%2Fproducts%2Farabella-crotchless-thong-black&intsrc=CATF_35417
15547088241022,Asymmetric Fine Knit Top - Thyme,Apparel,Sin stock en todas las variantes,N,6,0,33.0,https://loungeeu.sjv.io/c/7518894/3973367/54841?prodsku=15547088241022&u=https%3A%2F%2Feu.lounge.com%2Fproducts%2Fasymmetric-fine-knit-top-thyme&intsrc=CATF_35417
15851379360126,Asymmetric Lace Cami Top - Black,Apparel,Sin stock en todas las variantes,N,7,0,65.0,https://loungeeu.sjv.io/c/7518894/3973367/54841?prodsku=15851379360126&u=https%3A%2F%2Feu.lounge.com%2Fproducts%2Fasymmetric-lace-cami-top-black&intsrc=CATF_35417
15477375631742,Asymmetric Shirt - Navy Pinstripe,Apparel,Sin stock en todas las variantes,N,6,0,48.0,https://loungeeu.sjv.io/c/7518894/3973367/54841?prodsku=15477375631742&u=https%3A%2F%2Feu.lounge.com%2Fproducts%2Fasymmetric-shirt-navy-pinstripe&intsrc=CATF_35417
15370175938942,Athena Ballet Flats - Off White,Footwear,Sin stock en todas las variantes,N,5,0,90.0,https://loungeeu.sjv.io/c/7518894/3973367/54841?prodsku=15370175938942&u=https%3A%2F%2Feu.lounge.com%2Fproducts%2Fathena-ballet-flats-off-white&intsrc=CATF_35417
6670032896036,Ava Intimates Thong & Suspender Belt (Set) - Orange,Intimates Set Bottoms,Sin stock en todas las variantes,N,6,0,45.0,https://loungeeu.sjv.io/c/7518894/3973367/54841?prodsku=6670032896036&u=https%3A%2F%2Feu.lounge.com%2Fproducts%2Fava-intimates-thong-orange&intsrc=CATF_35417
7515443396644,Bamboo Comfort Brazilians (3-pack) - Multi,Multipack Bottoms,Sin stock en todas las variantes,N,7,0,30.0,https://loungeeu.sjv.io/c/7518894/3973367/54841?prodsku=7515443396644&u=https%3A%2F%2Feu.lounge.com%2Fproducts%2Fbamboo-comfort-brazilians-multipack&intsrc=CATF_35417
7515443429412,Bamboo Comfort Thongs (3-pack) - Multi,Multipack Bottoms,Sin stock en todas las variantes,N,7,0,30.0,https://loungeeu.sjv.io/c/7518894/3973367/54841?prodsku=7515443429412&u=https%3A%2F%2Feu.lounge.com%2Fproducts%2Fbamboo-comfort-thongs-multipack&intsrc=CATF_35417
15828113031550,Bamboo Scrunchie Thongs (3-Pack) - Multicolour,Multipack Bottoms,Sin stock en todas las variantes,N,6,0,30.0,https://loungeeu.sjv.io/c/7518894/3973367/54841?prodsku=15828113031550&u=https%3A%2F%2Feu.lounge.com%2Fproducts%2Fbamboo-scrunchie-thongs-multipack-multi&intsrc=CATF_35417
15477374779774,Bandeau Corset Top - Dark Brown,Apparel,Sin stock en todas las variantes,N,6,0,33.0,https://loungeeu.sjv.io/c/7518894/3973367/54841?prodsku=15477374779774&u=https%3A%2F%2Feu.lounge.com%2Fproducts%2Fbandeau-corset-top-dark-brown&intsrc=CATF_35417
15547088699774,Barrel Leg Knitted Joggers - Oatmeal Marl,Apparel,Sin stock en todas las variantes,N,12,0,36.0,https://loungeeu.sjv.io/c/7518894/3973367/54841?prodsku=15547088699774&u=https%3A%2F%2Feu.lounge.com%2Fproducts%2Fbarrel-leg-knitted-joggers-oatmeal-marl&intsrc=CATF_35417
56160684409214,Billie Weekend Bag - Camel,Bags,Sin stock en todas las variantes,N,0,0,190.0,https://loungeeu.sjv.io/c/7518894/3973367/54841?prodsku=56160684409214&u=https%3A%2F%2Feu.lounge.com%2Fproducts%2Fbillie-weekend-bag-camel&intsrc=CATF_35417
15587902194046,Blazer Dress - Chocolate,Apparel,Sin stock en todas las variantes,N,6,0,108.0,https://loungeeu.sjv.io/c/7518894/3973367/54841?prodsku=15587902194046&u=https%3A%2F%2Feu.lounge.com%2Fproducts%2Fblazer-dress-chocolate&intsrc=CATF_35417
15469328499070,Bliss Thong - Lilac,Bottoms,Sin stock en todas las variantes,N,6,0,18.0,https://loungeeu.sjv.io/c/7518894/3973367/54841?prodsku=15469328499070&u=https%3A%2F%2Feu.lounge.com%2Fproducts%2Fbliss-thong-lilac&intsrc=CATF_35417
15477339914622,Bloom Thongs (3-Pack) - Floral Print,Multipack Bottoms,Sin stock en todas las variantes,N,6,0,35.0,https://loungeeu.sjv.io/c/7518894/3973367/54841?prodsku=15477339914622&u=https%3A%2F%2Feu.lounge.com%2Fproducts%2Fbloom-thongs-multipack-floral-prints&intsrc=CATF_35417
15753546269054,Blossom Corset - Black,Intimates Set,Sin stock en todas las variantes,N,7,0,70.0,https://loungeeu.sjv.io/c/7518894/3973367/54841?prodsku=15753546269054&u=https%3A%2F%2Feu.lounge.com%2Fproducts%2Fblossom-corset-set-black&intsrc=CATF_35417
15753546924414,Blossom Lace Thongs (3-Pack) - Black,Multipack Bottoms,Sin stock en todas las variantes,N,6,0,35.0,https://loungeeu.sjv.io/c/7518894/3973367/54841?prodsku=15753546924414&u=https%3A%2F%2Feu.lounge.com%2Fproducts%2Fblossom-lace-multipack-multi&intsrc=CATF_35417
15753546367358,Blossom Slip Dress (Set) - Chocolate,Intimates Set,Sin stock en todas las variantes,N,7,0,65.0,https://loungeeu.sjv.io/c/7518894/3973367/54841?prodsku=15753546367358&u=https%3A%2F%2Feu.lounge.com%2Fproducts%2Fblossom-slip-dress-set-chocolate&intsrc=CATF_35417
7723697733668,Boxy Hoodie - Ink Blue,Apparel,Sin stock en todas las variantes,N,7,0,40.0,https://loungeeu.sjv.io/c/7518894/3973367/54841?prodsku=7723697733668&u=https%3A%2F%2Feu.lounge.com%2Fproducts%2Fboxy-hoodie-ink-blue&intsrc=CATF_35417
14822559908222,Brianna Intimates Sheer Tights - White,Accessories,Sin stock en todas las variantes,N,3,0,10.5,https://loungeeu.sjv.io/c/7518894/3973367/54841?prodsku=14822559908222&u=https%3A%2F%2Feu.lounge.com%2Fproducts%2Fbrianna-intimates-sheer-tights-white&intsrc=CATF_35417
15370175971710,Brielle Flip Flops - Chocolate,Footwear,Sin stock en todas las variantes,N,5,0,90.0,https://loungeeu.sjv.io/c/7518894/3973367/54841?prodsku=15370175971710&u=https%3A%2F%2Feu.lounge.com%2Fproducts%2Fbrielle-flip-flops-chocolate&intsrc=CATF_35417
15370176070014,Brielle Flip Flops - Cream,Footwear,Sin stock en todas las variantes,N,5,0,90.0,https://loungeeu.sjv.io/c/7518894/3973367/54841?prodsku=15370176070014&u=https%3A%2F%2Feu.lounge.com%2Fproducts%2Fbrielle-flip-flops-cream&intsrc=CATF_35417
15863195664766,Broderie Mini Dress - White,Apparel,Sin stock en todas las variantes,N,6,0,85.0,https://loungeeu.sjv.io/c/7518894/3973367/54841?prodsku=15863195664766&u=https%3A%2F%2Feu.lounge.com%2Fproducts%2Fbroderie-mini-dress-white&intsrc=CATF_35417
15851377000830,Cap-Sleeve Lace Bodysuit - Black,Apparel,Sin stock en todas las variantes,N,6,0,70.0,https://loungeeu.sjv.io/c/7518894/3973367/54841?prodsku=15851377000830&u=https%3A%2F%2Feu.lounge.com%2Fproducts%2Fcap-sleeve-lace-bodysuit-black&intsrc=CATF_35417
15851376836990,Cap-Sleeve Lace Bodysuit - White,Apparel,Sin stock en todas las variantes,N,6,0,70.0,https://loungeeu.sjv.io/c/7518894/3973367/54841?prodsku=15851376836990&u=https%3A%2F%2Feu.lounge.com%2Fproducts%2Fcap-sleeve-lace-bodysuit-white&intsrc=CATF_35417
15803216167294,Capri Kitten Heels - White,Footwear,Sin stock en todas las variantes,N,5,0,130.0,https://loungeeu.sjv.io/c/7518894/3973367/54841?prodsku=15803216167294&u=https%3A%2F%2Feu.lounge.com%2Fproducts%2Fcapri-kitten-heels-white&intsrc=CATF_35417
7335039860772,Carmen Intimates Thong & Suspender Belt (Set) - Maroon,Intimates Set Bottoms,Sin stock en todas las variantes,N,7,0,45.0,https://loungeeu.sjv.io/c/7518894/3973367/54841?prodsku=7335039860772&u=https%3A%2F%2Feu.lounge.com%2Fproducts%2Fcarmen-intimates-thong-maroon&intsrc=CATF_35417
15363670868350,Celestial Bralette Bikini Top - Celestial Print,Swim Top,Sin stock en todas las variantes,N,6,0,33.75,https://loungeeu.sjv.io/c/7518894/3973367/54841?prodsku=15363670868350&u=https%3A%2F%2Feu.lounge.com%2Fproducts%2Fcelestial-bralette-bikini-top-celestial-print&intsrc=CATF_35417
15707562410366,Check Cotton Trousers - Green,Apparel,Sin stock en todas las variantes,N,12,0,65.0,https://loungeeu.sjv.io/c/7518894/3973367/54841?prodsku=15707562410366&u=https%3A%2F%2Feu.lounge.com%2Fproducts%2Fcheck-cotton-trousers-green&intsrc=CATF_35417
15907995746686,Comfort Extreme Push-Up Balconette Bra - Latte,Set,Sin stock en todas las variantes,N,48,0,35.0,https://loungeeu.sjv.io/c/7518894/3973367/54841?prodsku=15907995746686&u=https%3A%2F%2Feu.lounge.com%2Fproducts%2Fcomfort-extreme-push-up-balconette-bra-latte&intsrc=CATF_35417
15869403922814,ContourSoft Capri Leggings - Black,Apparel,Sin stock en todas las variantes,N,6,0,45.0,https://loungeeu.sjv.io/c/7518894/3973367/54841?prodsku=15869403922814&u=https%3A%2F%2Feu.lounge.com%2Fproducts%2Fcontoursoft-capri-leggings-black&intsrc=CATF_35417
15869404086654,ContourSoft Short Sleeve T-Shirt - Dark Chocolate,Apparel,Sin stock en todas las variantes,N,6,0,40.0,https://loungeeu.sjv.io/c/7518894/3973367/54841?prodsku=15869404086654&u=https%3A%2F%2Feu.lounge.com%2Fproducts%2Fcontoursoft-short-sleeve-t-shirt-dark-chocolate&intsrc=CATF_35417
15869402939774,ContourSoft Straight-Leg Leggings - Black,Apparel,Sin stock en todas las variantes,N,12,0,55.0,https://loungeeu.sjv.io/c/7518894/3973367/54841?prodsku=15869402939774&u=https%3A%2F%2Feu.lounge.com%2Fproducts%2Fcontoursoft-straight-leg-leggings-black&intsrc=CATF_35417
15869403201918,ContourSoft Straight-Leg Leggings - Dark Chocolate,Apparel,Sin stock en todas las variantes,N,12,0,55.0,https://loungeeu.sjv.io/c/7518894/3973367/54841?prodsku=15869403201918&u=https%3A%2F%2Feu.lounge.com%2Fproducts%2Fcontoursoft-straight-leg-leggings-dark-chocolate&intsrc=CATF_35417
15407049179518,Corset Back Maxi Dress - Blue,Apparel,Sin stock en todas las variantes,N,6,0,96.0,https://loungeeu.sjv.io/c/7518894/3973367/54841?prodsku=15407049179518&u=https%3A%2F%2Feu.lounge.com%2Fproducts%2Fcorset-back-maxi-dress-blue&intsrc=CATF_35417
15407049081214,Corset Back Maxi Dress - Peach Floral,Apparel,Sin stock en todas las variantes,N,6,0,96.0,https://loungeeu.sjv.io/c/7518894/3973367/54841?prodsku=15407049081214&u=https%3A%2F%2Feu.lounge.com%2Fproducts%2Fcorset-back-maxi-dress-peach-floral&intsrc=CATF_35417
15704192057726,Corset Back Maxi Dress - White,Apparel,Sin stock en todas las variantes,N,6,0,145.0,https://loungeeu.sjv.io/c/7518894/3973367/54841?prodsku=15704192057726&u=https%3A%2F%2Feu.lounge.com%2Fproducts%2Fcorset-back-maxi-dress-white&intsrc=CATF_35417
15704191631742,Corset Back Mini Dress - Lemon Floral,Apparel,Sin stock en todas las variantes,N,6,0,95.0,https://loungeeu.sjv.io/c/7518894/3973367/54841?prodsku=15704191631742&u=https%3A%2F%2Feu.lounge.com%2Fproducts%2Fcorset-back-mini-dress-lemon-floral&intsrc=CATF_35417
15704191795582,Corset Maxi Dress - Blue,Apparel,Sin stock en todas las variantes,N,7,0,145.0,https://loungeeu.sjv.io/c/7518894/3973367/54841?prodsku=15704191795582&u=https%3A%2F%2Feu.lounge.com%2Fproducts%2Fcorset-maxi-dress-blue&intsrc=CATF_35417
15477375730046,Corset T-Shirt - Off White,Apparel,Sin stock en todas las variantes,N,6,0,39.0,https://loungeeu.sjv.io/c/7518894/3973367/54841?prodsku=15477375730046&u=https%3A%2F%2Feu.lounge.com%2Fproducts%2Fcorset-t-shirt-off-white&intsrc=CATF_35417
14841606078846,Cotton Blend Long Sleeve Top - Black,Apparel,Sin stock en todas las variantes,N,7,0,36.0,https://loungeeu.sjv.io/c/7518894/3973367/54841?prodsku=14841606078846&u=https%3A%2F%2Feu.lounge.com%2Fproducts%2Fcotton-blend-long-sleeve-top-black&intsrc=CATF_35417
15712407191934,Cotton Cami Pyjama Top - White,Sleep,Sin stock en todas las variantes,N,6,0,35.0,https://loungeeu.sjv.io/c/7518894/3973367/54841?prodsku=15712407191934&u=https%3A%2F%2Feu.lounge.com%2Fproducts%2Fdobby-cotton-cami-pyjama-top-white&intsrc=CATF_35417
7711586222116,Cotton Pyjama Bottoms - Lilac,Sleep,Sin stock en todas las variantes,N,7,0,25.0,https://loungeeu.sjv.io/c/7518894/3973367/54841?prodsku=7711586222116&u=https%3A%2F%2Feu.lounge.com%2Fproducts%2Fcotton-pyjama-bottoms-lilac&intsrc=CATF_35417
15712407159166,Cotton Pyjama Shorts - White,Sleep,Sin stock en todas las variantes,N,6,0,35.0,https://loungeeu.sjv.io/c/7518894/3973367/54841?prodsku=15712407159166&u=https%3A%2F%2Feu.lounge.com%2Fproducts%2Fdobby-cotton-pyjama-shorts-white&intsrc=CATF_35417
15760350708094,Cove Kitten Heels - Black,Footwear,Sin stock en todas las variantes,N,5,0,120.0,https://loungeeu.sjv.io/c/7518894/3973367/54841?prodsku=15760350708094&u=https%3A%2F%2Feu.lounge.com%2Fproducts%2Fcove-kitten-heels-black&intsrc=CATF_35417
15803216134526,Cove Kitten Heels - Toasted Almond,Footwear,Sin stock en todas las variantes,N,5,0,120.0,https://loungeeu.sjv.io/c/7518894/3973367/54841?prodsku=15803216134526&u=https%3A%2F%2Feu.lounge.com%2Fproducts%2Fcove-kitten-heels-toasted-almond&intsrc=CATF_35417
7341402062884,Cuddle Me Dressing Gown - Charcoal,Sleep,Sin stock en todas las variantes,N,3,0,42.5,https://loungeeu.sjv.io/c/7518894/3973367/54841?prodsku=7341402062884&u=https%3A%2F%2Feu.lounge.com%2Fproducts%2Fcuddle-me-dressing-gown-charcoal&intsrc=CATF_35417
15547088830846,Cuffed Crew Neck Knitted Jumper - Oatmeal Marl,Apparel,Sin stock en todas las variantes,N,6,0,39.0,https://loungeeu.sjv.io/c/7518894/3973367/54841?prodsku=15547088830846&u=https%3A%2F%2Feu.lounge.com%2Fproducts%2Fcuffed-crew-neck-knitted-jumper-oatmeal-marl&intsrc=CATF_35417
15704190943614,Double-Layered Skirt - Cream,Apparel,Sin stock en todas las variantes,N,6,0,65.0,https://loungeeu.sjv.io/c/7518894/3973367/54841?prodsku=15704190943614&u=https%3A%2F%2Feu.lounge.com%2Fproducts%2Fdouble-layered-skirt-cream&intsrc=CATF_35417
15851377525118,Double-Layered Skirt - Cream Floral,Apparel,Sin stock en todas las variantes,N,6,0,65.0,https://loungeeu.sjv.io/c/7518894/3973367/54841?prodsku=15851377525118&u=https%3A%2F%2Feu.lounge.com%2Fproducts%2Fdouble-layered-skirt-cream-floral&intsrc=CATF_35417
15707561984382,Double-Layered Skirt - Pink Floral,Apparel,Sin stock en todas las variantes,N,6,0,60.0,https://loungeeu.sjv.io/c/7518894/3973367/54841?prodsku=15707561984382&u=https%3A%2F%2Feu.lounge.com%2Fproducts%2Fdouble-layered-skirt-pink-floral&intsrc=CATF_35417
15544985551230,Draped Sleeve Blazer - Chocolate,Apparel,Sin stock en todas las variantes,N,6,0,60.0,https://loungeeu.sjv.io/c/7518894/3973367/54841?prodsku=15544985551230&u=https%3A%2F%2Feu.lounge.com%2Fproducts%2Fdraped-sleeve-blazer-chocolate&intsrc=CATF_35417
15704191959422,Drop-Waist Maxi Dress - Lemon,Apparel,Sin stock en todas las variantes,N,6,0,145.0,https://loungeeu.sjv.io/c/7518894/3973367/54841?prodsku=15704191959422&u=https%3A%2F%2Feu.lounge.com%2Fproducts%2Fdrop-waist-maxi-dress-lemon&intsrc=CATF_35417
15587902259582,Eledora Corset Top - Plum,Apparel,Sin stock en todas las variantes,N,7,0,40.5,https://loungeeu.sjv.io/c/7518894/3973367/54841?prodsku=15587902259582&u=https%3A%2F%2Feu.lounge.com%2Fproducts%2Feledora-corset-top-plum&intsrc=CATF_35417
15704192156030,Embroidered Mini Dress - Cream,Apparel,Sin stock en todas las variantes,N,6,0,100.0,https://loungeeu.sjv.io/c/7518894/3973367/54841?prodsku=15704192156030&u=https%3A%2F%2Feu.lounge.com%2Fproducts%2Fembroidered-mini-dress-cream&intsrc=CATF_35417
15549638607230,Enchant Thong - Black,Bottoms,Sin stock en todas las variantes,N,6,0,18.0,https://loungeeu.sjv.io/c/7518894/3973367/54841?prodsku=15549638607230&u=https%3A%2F%2Feu.lounge.com%2Fproducts%2Fenchant-thong-black&intsrc=CATF_35417
7687847280676,Everyday Comfort Boyshort - Black,Bottoms,Sin stock en todas las variantes,N,7,0,6.0,https://loungeeu.sjv.io/c/7518894/3973367/54841?prodsku=7687847280676&u=https%3A%2F%2Feu.lounge.com%2Fproducts%2Feveryday-comfort-boyshort-black&intsrc=CATF_35417
7687847084068,Everyday Comfort Brazilian Briefs - Black,Bottoms,Sin stock en todas las variantes,N,7,0,6.0,https://loungeeu.sjv.io/c/7518894/3973367/54841?prodsku=7687847084068&u=https%3A%2F%2Feu.lounge.com%2Fproducts%2Feveryday-comfort-brazilian-briefs-black&intsrc=CATF_35417
7687846264868,Everyday Flex Boyshort - Black,Bottoms,Sin stock en todas las variantes,N,7,0,6.0,https://loungeeu.sjv.io/c/7518894/3973367/54841?prodsku=7687846264868&u=https%3A%2F%2Feu.lounge.com%2Fproducts%2Feveryday-flex-boyshort-black&intsrc=CATF_35417
7687845871652,Everyday Flex Brazilian Briefs - Black,Bottoms,Sin stock en todas las variantes,N,7,0,6.0,https://loungeeu.sjv.io/c/7518894/3973367/54841?prodsku=7687845871652&u=https%3A%2F%2Feu.lounge.com%2Fproducts%2Feveryday-flex-brazilian-briefs-black&intsrc=CATF_35417
7687849410596,Everyday Form Boyshort - Black,Bottoms,Sin stock en todas las variantes,N,7,0,6.0,https://loungeeu.sjv.io/c/7518894/3973367/54841?prodsku=7687849410596&u=https%3A%2F%2Feu.lounge.com%2Fproducts%2Feveryday-form-boyshort-black&intsrc=CATF_35417
7687849213988,Everyday Form Brazilian Briefs - Black,Bottoms,Sin stock en todas las variantes,N,7,0,6.0,https://loungeeu.sjv.io/c/7518894/3973367/54841?prodsku=7687849213988&u=https%3A%2F%2Feu.lounge.com%2Fproducts%2Feveryday-form-brazilian-briefs-black&intsrc=CATF_35417
15013863817598,Extreme Push-Up Bra Pads - Sand,Accessories,Sin stock en todas las variantes,N,4,0,25.0,https://loungeeu.sjv.io/c/7518894/3973367/54841?prodsku=15013863817598&u=https%3A%2F%2Feu.lounge.com%2Fproducts%2Fextreme-push-up-bra-pads-sand&intsrc=CATF_35417
15575934632318,Fairisle Knitted Jumper - Brown/Red,Apparel,Sin stock en todas las variantes,N,6,0,30.0,https://loungeeu.sjv.io/c/7518894/3973367/54841?prodsku=15575934632318&u=https%3A%2F%2Feu.lounge.com%2Fproducts%2Ffairisle-knitted-jumper-red&intsrc=CATF_35417
15575934665086,Fairisle Knitted Jumper - Cream/Red,Apparel,Sin stock en todas las variantes,N,6,0,30.0,https://loungeeu.sjv.io/c/7518894/3973367/54841?prodsku=15575934665086&u=https%3A%2F%2Feu.lounge.com%2Fproducts%2Ffairisle-knitted-jumper-cream&intsrc=CATF_35417
56441615516030,Faux Fur Hot Water Bottle - Ivory,Hot Water Bottle,Sin stock en todas las variantes,N,0,0,30.0,https://loungeeu.sjv.io/c/7518894/3973367/54841?prodsku=56441615516030&u=https%3A%2F%2Feu.lounge.com%2Fproducts%2Ffaux-fur-hot-water-bottle-ivory&intsrc=CATF_35417
7350211444772,Fishnet Bow Stockings - Black,Stockings,Sin stock en todas las variantes,N,3,0,7.5,https://loungeeu.sjv.io/c/7518894/3973367/54841?prodsku=7350211444772&u=https%3A%2F%2Feu.lounge.com%2Fproducts%2Ffishnet-bow-stockings-black&intsrc=CATF_35417
15544985321854,Fitted Denim Top - Indigo Blue,Apparel,Sin stock en todas las variantes,N,6,0,36.0,https://loungeeu.sjv.io/c/7518894/3973367/54841?prodsku=15544985321854&u=https%3A%2F%2Feu.lounge.com%2Fproducts%2Ffitted-denim-top-indigo-blue&intsrc=CATF_35417
15534627389822,Flocked Floral Thong - Teal,Bottoms,Sin stock en todas las variantes,N,6,0,18.0,https://loungeeu.sjv.io/c/7518894/3973367/54841?prodsku=15534627389822&u=https%3A%2F%2Feu.lounge.com%2Fproducts%2Fflocked-floral-balcony-thong-teal&intsrc=CATF_35417
15549635953022,Flutter Thong - Black,Bottoms,Sin stock en todas las variantes,N,6,0,18.0,https://loungeeu.sjv.io/c/7518894/3973367/54841?prodsku=15549635953022&u=https%3A%2F%2Feu.lounge.com%2Fproducts%2Fflutter-thong-black&intsrc=CATF_35417
15549636510078,Flutter Thong - Chocolate,Bottoms,Sin stock en todas las variantes,N,6,0,18.0,https://loungeeu.sjv.io/c/7518894/3973367/54841?prodsku=15549636510078&u=https%3A%2F%2Feu.lounge.com%2Fproducts%2Fflutter-thong-chocolate&intsrc=CATF_35417
6897251975204,Gabriella Intimates Thong & Suspender Belt - Maroon,Intimates Set Bottoms,Sin stock en todas las variantes,N,7,0,27.0,https://loungeeu.sjv.io/c/7518894/3973367/54841?prodsku=6897251975204&u=https%3A%2F%2Feu.lounge.com%2Fproducts%2Fgabriella-intimates-thong-maroon&intsrc=CATF_35417
15547088404862,Half Placket Knitted Jumper - Mink,Apparel,Sin stock en todas las variantes,N,6,0,39.0,https://loungeeu.sjv.io/c/7518894/3973367/54841?prodsku=15547088404862&u=https%3A%2F%2Feu.lounge.com%2Fproducts%2Fhalf-placket-knitted-jumper-mink&intsrc=CATF_35417
15759651406206,Halter Corset Top - Brown Pinstripe,Apparel,Sin stock en todas las variantes,N,6,0,65.0,https://loungeeu.sjv.io/c/7518894/3973367/54841?prodsku=15759651406206&u=https%3A%2F%2Feu.lounge.com%2Fproducts%2Fhalter-corset-top-brown-pinstripe&intsrc=CATF_35417
15707561853310,High-Waisted Tailored Shorts - Chocolate,Apparel,Sin stock en todas las variantes,N,6,0,55.0,https://loungeeu.sjv.io/c/7518894/3973367/54841?prodsku=15707561853310&u=https%3A%2F%2Feu.lounge.com%2Fproducts%2Fhigh-waisted-tailored-shorts-chocolate&intsrc=CATF_35417
14888154890622,Houndstooth Blazer Dress - Brown,Apparel,Sin stock en todas las variantes,N,6,0,60.0,https://loungeeu.sjv.io/c/7518894/3973367/54841?prodsku=14888154890622&u=https%3A%2F%2Feu.lounge.com%2Fproducts%2Fhoundstooth-blazer-dress-brown&intsrc=CATF_35417
15934770315646,Hourglass Corset Top - Chocolate,Apparel,Sin stock en todas las variantes,N,7,0,80.0,https://loungeeu.sjv.io/c/7518894/3973367/54841?prodsku=15934770315646&u=https%3A%2F%2Feu.lounge.com%2Fproducts%2Fhourglass-corset-top-chocolate&intsrc=CATF_35417
15934770545022,Hourglass Corset Top - Lemon,Apparel,Sin stock en todas las variantes,N,7,0,80.0,https://loungeeu.sjv.io/c/7518894/3973367/54841?prodsku=15934770545022&u=https%3A%2F%2Feu.lounge.com%2Fproducts%2Fhourglass-corset-top-lemon&intsrc=CATF_35417
15407217508734,Isla Side Slit Maxi Dress - Blue,Apparel,Sin stock en todas las variantes,N,6,0,60.0,https://loungeeu.sjv.io/c/7518894/3973367/54841?prodsku=15407217508734&u=https%3A%2F%2Feu.lounge.com%2Fproducts%2Fisla-side-slit-maxi-dress-blue&intsrc=CATF_35417
15701334557054,Junia G-String - Lilac,Bottoms,Sin stock en todas las variantes,N,6,0,20.0,https://loungeeu.sjv.io/c/7518894/3973367/54841?prodsku=15701334557054&u=https%3A%2F%2Feu.lounge.com%2Fproducts%2Fjunia-g-string-lilac&intsrc=CATF_35417
15827869237630,Knitted Button Down Top - Brown Stripe,Apparel,Sin stock en todas las variantes,N,6,0,45.0,https://loungeeu.sjv.io/c/7518894/3973367/54841?prodsku=15827869237630&u=https%3A%2F%2Feu.lounge.com%2Fproducts%2Fknitted-button-down-top-brown-stripe&intsrc=CATF_35417
15547088929150,Knitted Jacket - Tan,Apparel,Sin stock en todas las variantes,N,6,0,51.0,https://loungeeu.sjv.io/c/7518894/3973367/54841?prodsku=15547088929150&u=https%3A%2F%2Feu.lounge.com%2Fproducts%2Fknitted-jacket-tan&intsrc=CATF_35417
15544986698110,Knitted Polo Top - Mink,Apparel,Sin stock en todas las variantes,N,6,0,33.0,https://loungeeu.sjv.io/c/7518894/3973367/54841?prodsku=15544986698110&u=https%3A%2F%2Feu.lounge.com%2Fproducts%2Fknitted-alpaca-blend-polo-top-mink&intsrc=CATF_35417
15827869827454,Knitted Shorts - Beige Stripe,Apparel,Sin stock en todas las variantes,N,6,0,40.0,https://loungeeu.sjv.io/c/7518894/3973367/54841?prodsku=15827869827454&u=https%3A%2F%2Feu.lounge.com%2Fproducts%2Fknitted-shorts-beige-stripe&intsrc=CATF_35417
15827869925758,Knitted Shorts - Brown Stripe,Apparel,Sin stock en todas las variantes,N,6,0,40.0,https://loungeeu.sjv.io/c/7518894/3973367/54841?prodsku=15827869925758&u=https%3A%2F%2Feu.lounge.com%2Fproducts%2Fknitted-shorts-brown-stripe&intsrc=CATF_35417
15827870024062,Knitted T-Shirt - Beige Stripe,Apparel,Sin stock en todas las variantes,N,6,0,45.0,https://loungeeu.sjv.io/c/7518894/3973367/54841?prodsku=15827870024062&u=https%3A%2F%2Feu.lounge.com%2Fproducts%2Fknitted-t-shirt-beige-stripe&intsrc=CATF_35417
15827870122366,Knitted T-Shirt - Brown Stripe,Apparel,Sin stock en todas las variantes,N,6,0,45.0,https://loungeeu.sjv.io/c/7518894/3973367/54841?prodsku=15827870122366&u=https%3A%2F%2Feu.lounge.com%2Fproducts%2Fknitted-t-shirt-brown-stripe&intsrc=CATF_35417
15827869532542,Knitted Vest Top - Black,Apparel,Sin stock en todas las variantes,N,6,0,40.0,https://loungeeu.sjv.io/c/7518894/3973367/54841?prodsku=15827869532542&u=https%3A%2F%2Feu.lounge.com%2Fproducts%2Fknitted-vest-top-black&intsrc=CATF_35417
15934769955198,Lace Bralette Top - Black,Apparel,Sin stock en todas las variantes,N,7,0,60.0,https://loungeeu.sjv.io/c/7518894/3973367/54841?prodsku=15934769955198&u=https%3A%2F%2Feu.lounge.com%2Fproducts%2Flace-bralette-top-black&intsrc=CATF_35417
15934769758590,Lace Bralette Top - Chocolate,Apparel,Sin stock en todas las variantes,N,7,0,60.0,https://loungeeu.sjv.io/c/7518894/3973367/54841?prodsku=15934769758590&u=https%3A%2F%2Feu.lounge.com%2Fproducts%2Flace-bralette-top-chocolate&intsrc=CATF_35417
15934769234302,Lace Corset Mini Dress - Black,Apparel,Sin stock en todas las variantes,N,7,0,95.0,https://loungeeu.sjv.io/c/7518894/3973367/54841?prodsku=15934769234302&u=https%3A%2F%2Feu.lounge.com%2Fproducts%2Flace-corset-mini-dress-black&intsrc=CATF_35417
15934769267070,Lace Corset Mini Dress - White,Apparel,Sin stock en todas las variantes,N,7,0,95.0,https://loungeeu.sjv.io/c/7518894/3973367/54841?prodsku=15934769267070&u=https%3A%2F%2Feu.lounge.com%2Fproducts%2Flace-corset-mini-dress-white&intsrc=CATF_35417
15407049015678,Lace Corset Top - White,Apparel,Sin stock en todas las variantes,N,7,0,45.5,https://loungeeu.sjv.io/c/7518894/3973367/54841?prodsku=15407049015678&u=https%3A%2F%2Feu.lounge.com%2Fproducts%2Flace-corset-top-white&intsrc=CATF_35417
15851377361278,Lace Maxi Dress - Black,Apparel,Sin stock en todas las variantes,N,6,0,120.0,https://loungeeu.sjv.io/c/7518894/3973367/54841?prodsku=15851377361278&u=https%3A%2F%2Feu.lounge.com%2Fproducts%2Flace-maxi-dress-black&intsrc=CATF_35417
15587901800830,Lace Maxi Dress with Bodysuit - Black,Apparel,Sin stock en todas las variantes,N,7,0,130.5,https://loungeeu.sjv.io/c/7518894/3973367/54841?prodsku=15587901800830&u=https%3A%2F%2Feu.lounge.com%2Fproducts%2Flace-maxi-dress-with-bodysuit-black&intsrc=CATF_35417
7711585861668,Lace Pyjama Bottoms - White,Sleep,Sin stock en todas las variantes,N,7,0,25.0,https://loungeeu.sjv.io/c/7518894/3973367/54841?prodsku=7711585861668&u=https%3A%2F%2Feu.lounge.com%2Fproducts%2Flace-pyjama-bottoms-white&intsrc=CATF_35417
15860488077694,Lace Thongs (3-Pack) - Pastel,Multipack Bottoms,Sin stock en todas las variantes,N,6,0,30.0,https://loungeeu.sjv.io/c/7518894/3973367/54841?prodsku=15860488077694&u=https%3A%2F%2Feu.lounge.com%2Fproducts%2Flace-thongs-multipack-pastel&intsrc=CATF_35417
15577304859006,Lace Tights (40 Denier) - Black,Accessories,Sin stock en todas las variantes,N,3,0,30.0,https://loungeeu.sjv.io/c/7518894/3973367/54841?prodsku=15577304859006&u=https%3A%2F%2Feu.lounge.com%2Fproducts%2Flace-tights-black&intsrc=CATF_35417
15704190976382,Lace Trim Corset Top - Lemon Floral,Apparel,Sin stock en todas las variantes,N,7,0,55.0,https://loungeeu.sjv.io/c/7518894/3973367/54841?prodsku=15704190976382&u=https%3A%2F%2Feu.lounge.com%2Fproducts%2Flace-trim-corset-top-lemon-floral&intsrc=CATF_35417
15704191041918,Lace Trim Corset Top - Pink Floral,Apparel,Sin stock en todas las variantes,N,7,0,55.0,https://loungeeu.sjv.io/c/7518894/3973367/54841?prodsku=15704191041918&u=https%3A%2F%2Feu.lounge.com%2Fproducts%2Flace-trim-corset-top-pink-floral&intsrc=CATF_35417
15934768972158,Lace Trim Maxi Dress - Chocolate Polka Dot,Apparel,Sin stock en todas las variantes,N,6,0,120.0,https://loungeeu.sjv.io/c/7518894/3973367/54841?prodsku=15934768972158&u=https%3A%2F%2Feu.lounge.com%2Fproducts%2Flace-trim-maxi-dress-chocolate-polka-dot&intsrc=CATF_35417
15934769037694,Lace Trim Maxi Dress - Lemon,Apparel,Sin stock en todas las variantes,N,6,0,120.0,https://loungeeu.sjv.io/c/7518894/3973367/54841?prodsku=15934769037694&u=https%3A%2F%2Feu.lounge.com%2Fproducts%2Flace-trim-maxi-dress-lemon&intsrc=CATF_35417
15934769299838,Lace Trim Plunge Mini Dress - Chocolate Polka Dot,Apparel,Sin stock en todas las variantes,N,6,0,90.0,https://loungeeu.sjv.io/c/7518894/3973367/54841?prodsku=15934769299838&u=https%3A%2F%2Feu.lounge.com%2Fproducts%2Fplunge-mini-dress-chocolate-polka-dot&intsrc=CATF_35417
15934769365374,Lace Trim Plunge Mini Dress - Lemon Polka Dot,Apparel,Sin stock en todas las variantes,N,6,0,90.0,https://loungeeu.sjv.io/c/7518894/3973367/54841?prodsku=15934769365374&u=https%3A%2F%2Feu.lounge.com%2Fproducts%2Fplunge-mini-dress-lemon-polka-dot&intsrc=CATF_35417
7217902026788,Light Non-Wired Plunge T-Shirt Bra - Black,Set,Sin stock en todas las variantes,N,8,0,21.0,https://loungeeu.sjv.io/c/7518894/3973367/54841?prodsku=7217902026788&u=https%3A%2F%2Feu.lounge.com%2Fproducts%2Flight-non-wire-plunge-bra-thong-briefs-set-black&intsrc=CATF_35417
7217902059556,Light Non-Wired Plunge T-Shirt Bra - Latte,Set,Sin stock en todas las variantes,N,8,0,21.0,https://loungeeu.sjv.io/c/7518894/3973367/54841?prodsku=7217902059556&u=https%3A%2F%2Feu.lounge.com%2Fproducts%2Flight-non-wire-plunge-bra-thong-briefs-set-latte&intsrc=CATF_35417
15477376024958,Long-Sleeved Corset Shirt - Blue,Apparel,Sin stock en todas las variantes,N,6,0,48.0,https://loungeeu.sjv.io/c/7518894/3973367/54841?prodsku=15477376024958&u=https%3A%2F%2Feu.lounge.com%2Fproducts%2Flong-sleeved-corset-shirt-blue&intsrc=CATF_35417
7247030911012,Luxury Strapless T-shirt Bra  - Black,Set,Sin stock en todas las variantes,N,51,0,40.0,https://loungeeu.sjv.io/c/7518894/3973367/54841?prodsku=7247030911012&u=https%3A%2F%2Feu.lounge.com%2Fproducts%2Fluxury-strapless-bra-thong-briefs-set-black&intsrc=CATF_35417
7247030976548,Luxury Strapless T-shirt Bra  - Chestnut,Set,Sin stock en todas las variantes,N,44,0,40.0,https://loungeeu.sjv.io/c/7518894/3973367/54841?prodsku=7247030976548&u=https%3A%2F%2Feu.lounge.com%2Fproducts%2Fluxury-strapless-bra-thong-briefs-set-chestnut&intsrc=CATF_35417
7247030943780,Luxury Strapless T-shirt Bra  - Honey,Set,Sin stock en todas las variantes,N,51,0,40.0,https://loungeeu.sjv.io/c/7518894/3973367/54841?prodsku=7247030943780&u=https%3A%2F%2Feu.lounge.com%2Fproducts%2Fluxury-strapless-bra-thong-briefs-set-honey&intsrc=CATF_35417
15587902488958,Mini Skirt - Black,Apparel,Sin stock en todas las variantes,N,6,0,63.0,https://loungeeu.sjv.io/c/7518894/3973367/54841?prodsku=15587902488958&u=https%3A%2F%2Feu.lounge.com%2Fproducts%2Fmini-skirt-black&intsrc=CATF_35417
7711587106852,Modal Nightdress - White,Sleep,Sin stock en todas las variantes,N,7,0,25.0,https://loungeeu.sjv.io/c/7518894/3973367/54841?prodsku=7711587106852&u=https%3A%2F%2Feu.lounge.com%2Fproducts%2Fmodal-nightdress-white&intsrc=CATF_35417
15370404757886,Modal Pyjama Bottoms - Blue Floral,Sleep,Sin stock en todas las variantes,N,6,0,30.0,https://loungeeu.sjv.io/c/7518894/3973367/54841?prodsku=15370404757886&u=https%3A%2F%2Feu.lounge.com%2Fproducts%2Fmodal-pyjama-bottoms-blue-floral&intsrc=CATF_35417
15828113195390,Modal Pyjama Shorts - Brown Marl,Sleep,Sin stock en todas las variantes,N,6,0,35.0,https://loungeeu.sjv.io/c/7518894/3973367/54841?prodsku=15828113195390&u=https%3A%2F%2Feu.lounge.com%2Fproducts%2Fmodal-pyjama-shorts-brown-marl&intsrc=CATF_35417
15828113064318,Modal Straight-Leg Pyjama Bottoms - Brown Marl,Sleep,Sin stock en todas las variantes,N,6,0,45.0,https://loungeeu.sjv.io/c/7518894/3973367/54841?prodsku=15828113064318&u=https%3A%2F%2Feu.lounge.com%2Fproducts%2Fmodal-straight-leg-pyjama-bottoms-brown-marl&intsrc=CATF_35417
15820768051582,Monaco Bandeau Bikini Top - Chocolate,Swim Top,Sin stock en todas las variantes,N,6,0,45.0,https://loungeeu.sjv.io/c/7518894/3973367/54841?prodsku=15820768051582&u=https%3A%2F%2Feu.lounge.com%2Fproducts%2Fmonaco-bandeau-bikini-top-chocolate&intsrc=CATF_35417
15004760113534,Monaco Bandeau Bikini Top - Plum,Swim Top,Sin stock en todas las variantes,N,6,0,33.75,https://loungeeu.sjv.io/c/7518894/3973367/54841?prodsku=15004760113534&u=https%3A%2F%2Feu.lounge.com%2Fproducts%2Fmonaco-bandeau-bikini-top-plum&intsrc=CATF_35417
15820767723902,Monaco High-Leg Bikini Thong - Chocolate,Swim Bottoms,Sin stock en todas las variantes,N,6,0,40.0,https://loungeeu.sjv.io/c/7518894/3973367/54841?prodsku=15820767723902&u=https%3A%2F%2Feu.lounge.com%2Fproducts%2Fmonaco-high-leg-bikini-thong-chocolate&intsrc=CATF_35417
15004758245758,Monaco High-Leg Bikini Thong - Plum,Swim Bottoms,Sin stock en todas las variantes,N,6,0,30.0,https://loungeeu.sjv.io/c/7518894/3973367/54841?prodsku=15004758245758&u=https%3A%2F%2Feu.lounge.com%2Fproducts%2Fmonaco-high-leg-bikini-thong-plum&intsrc=CATF_35417
15820767003006,Monaco High-Leg Brazilian Bikini Briefs - Chocolate,Swim Bottoms,Sin stock en todas las variantes,N,6,0,40.0,https://loungeeu.sjv.io/c/7518894/3973367/54841?prodsku=15820767003006&u=https%3A%2F%2Feu.lounge.com%2Fproducts%2Fmonaco-high-leg-brazilian-bikini-briefs-chocolate&intsrc=CATF_35417
15004758147454,Monaco High-Leg Brazilian Bikini Briefs - Plum,Swim Bottoms,Sin stock en todas las variantes,N,6,0,30.0,https://loungeeu.sjv.io/c/7518894/3973367/54841?prodsku=15004758147454&u=https%3A%2F%2Feu.lounge.com%2Fproducts%2Fmonaco-high-leg-brazilian-bikini-briefs-plum&intsrc=CATF_35417
15004760637822,Monaco High-Leg Swimsuit - Black,Swim,Sin stock en todas las variantes,N,6,0,65.0,https://loungeeu.sjv.io/c/7518894/3973367/54841?prodsku=15004760637822&u=https%3A%2F%2Feu.lounge.com%2Fproducts%2Fmonaco-high-leg-swimsuit-black&intsrc=CATF_35417
15820768248190,Monaco High-Leg Swimsuit - Chocolate,Swim,Sin stock en todas las variantes,N,6,0,65.0,https://loungeeu.sjv.io/c/7518894/3973367/54841?prodsku=15820768248190&u=https%3A%2F%2Feu.lounge.com%2Fproducts%2Fmonaco-high-leg-swimsuit-chocolate&intsrc=CATF_35417
15004761194878,Monaco High-Leg Swimsuit - Plum,Swim,Sin stock en todas las variantes,N,6,0,48.75,https://loungeeu.sjv.io/c/7518894/3973367/54841?prodsku=15004761194878&u=https%3A%2F%2Feu.lounge.com%2Fproducts%2Fmonaco-high-leg-swimsuit-plum&intsrc=CATF_35417
15004759589246,Monaco High-Waisted Bikini Thong - Plum,Swim Bottoms,Sin stock en todas las variantes,N,6,0,30.0,https://loungeeu.sjv.io/c/7518894/3973367/54841?prodsku=15004759589246&u=https%3A%2F%2Feu.lounge.com%2Fproducts%2Fmonaco-high-waisted-bikini-thong-plum&intsrc=CATF_35417
15004758933886,Monaco High-Waisted Brazilian Bikini Briefs - Plum,Swim Bottoms,Sin stock en todas las variantes,N,6,0,30.0,https://loungeeu.sjv.io/c/7518894/3973367/54841?prodsku=15004758933886&u=https%3A%2F%2Feu.lounge.com%2Fproducts%2Fmonaco-high-waisted-brazilian-bikini-briefs-plum&intsrc=CATF_35417
15869457006974,Mosaic Bralette Bikini Top - Blue Print,Swim Top,Sin stock en todas las variantes,N,6,0,50.0,https://loungeeu.sjv.io/c/7518894/3973367/54841?prodsku=15869457006974&u=https%3A%2F%2Feu.lounge.com%2Fproducts%2Fmosaic-bralette-bikini-top-blue-print&intsrc=CATF_35417
15869457170814,Mosaic High-Leg Brazilian Bikini Briefs - Blue Print,Swim Bottoms,Sin stock en todas las variantes,N,6,0,40.0,https://loungeeu.sjv.io/c/7518894/3973367/54841?prodsku=15869457170814&u=https%3A%2F%2Feu.lounge.com%2Fproducts%2Fmosaic-high-leg-brazilian-bikini-briefs-blue-print&intsrc=CATF_35417
15869456712062,Mosaic Triangle Bikini Top - Blue Print,Swim Top,Sin stock en todas las variantes,N,6,0,50.0,https://loungeeu.sjv.io/c/7518894/3973367/54841?prodsku=15869456712062&u=https%3A%2F%2Feu.lounge.com%2Fproducts%2Fmosaic-bikini-triangle-top-blue-print&intsrc=CATF_35417
7307400806436,Nude Brazilian Briefs (3 Pack) - Multi,Multipack bottoms,Sin stock en todas las variantes,N,7,0,25.0,https://loungeeu.sjv.io/c/7518894/3973367/54841?prodsku=7307400806436&u=https%3A%2F%2Feu.lounge.com%2Fproducts%2Fnude-brazilian-briefs-3-pack&intsrc=CATF_35417
7307400904740,Nude Thong (3 Pack) - Multi,Multipack Bottoms,Sin stock en todas las variantes,N,7,0,25.0,https://loungeeu.sjv.io/c/7518894/3973367/54841?prodsku=7307400904740&u=https%3A%2F%2Feu.lounge.com%2Fproducts%2Fnude-thong-3-pack&intsrc=CATF_35417
7074660024356,Nurture Thong - Black,Bottoms,Sin stock en todas las variantes,N,6,0,18.0,https://loungeeu.sjv.io/c/7518894/3973367/54841?prodsku=7074660024356&u=https%3A%2F%2Feu.lounge.com%2Fproducts%2Fnurture-thong-black&intsrc=CATF_35417
14888154530174,Oversized Blazer - Charcoal,Apparel,Sin stock en todas las variantes,N,6,0,27.0,https://loungeeu.sjv.io/c/7518894/3973367/54841?prodsku=14888154530174&u=https%3A%2F%2Feu.lounge.com%2Fproducts%2Foversized-blazer-charcoal&intsrc=CATF_35417
15628063965566,Oversized Jumper - Washed Blue,Apparel,Sin stock en todas las variantes,N,6,0,60.0,https://loungeeu.sjv.io/c/7518894/3973367/54841?prodsku=15628063965566&u=https%3A%2F%2Feu.lounge.com%2Fproducts%2Foversized-jumper-washed-blue&intsrc=CATF_35417
15587902390654,Peep Bra Mini Dress - Plum,Apparel,Sin stock en todas las variantes,N,7,0,81.0,https://loungeeu.sjv.io/c/7518894/3973367/54841?prodsku=15587902390654&u=https%3A%2F%2Feu.lounge.com%2Fproducts%2Fpeep-bra-mini-dress-plum&intsrc=CATF_35417
15776231915902,Penelope Babydoll (Set) - White,Intimates Set,Sin stock en todas las variantes,N,7,0,80.0,https://loungeeu.sjv.io/c/7518894/3973367/54841?prodsku=15776231915902&u=https%3A%2F%2Feu.lounge.com%2Fproducts%2Fpenelope-babydoll-set-white&intsrc=CATF_35417
15547089027454,Pleated Wide-Leg Trousers - Thyme,Apparel,Sin stock en todas las variantes,N,12,0,48.0,https://loungeeu.sjv.io/c/7518894/3973367/54841?prodsku=15547089027454&u=https%3A%2F%2Feu.lounge.com%2Fproducts%2Fpleated-wide-leg-trousers-thyme&intsrc=CATF_35417
15863195763070,Plunge Mini Dress - Cream,Apparel,Sin stock en todas las variantes,N,6,0,90.0,https://loungeeu.sjv.io/c/7518894/3973367/54841?prodsku=15863195763070&u=https%3A%2F%2Feu.lounge.com%2Fproducts%2Fbutton-front-mini-dress-cream&intsrc=CATF_35417
15863195730302,Plunge Mini Dress - Navy,Apparel,Sin stock en todas las variantes,N,6,0,90.0,https://loungeeu.sjv.io/c/7518894/3973367/54841?prodsku=15863195730302&u=https%3A%2F%2Feu.lounge.com%2Fproducts%2Fbutton-front-mini-dress-navy&intsrc=CATF_35417
15015496221054,Pointelle Bralette - Buttercup Yellow,Set,Sin stock en todas las variantes,N,6,0,15.0,https://loungeeu.sjv.io/c/7518894/3973367/54841?prodsku=15015496221054&u=https%3A%2F%2Feu.lounge.com%2Fproducts%2Fpointelle-bralette-buttercup-yellow&intsrc=CATF_35417
15015496024446,Pointelle Bralette - Cream,Set,Sin stock en todas las variantes,N,6,0,15.0,https://loungeeu.sjv.io/c/7518894/3973367/54841?prodsku=15015496024446&u=https%3A%2F%2Feu.lounge.com%2Fproducts%2Fpointelle-bralette-cream&intsrc=CATF_35417
15828112998782,Pointelle Bralette - Ditsy Floral Print,Set,Sin stock en todas las variantes,N,7,0,30.0,https://loungeeu.sjv.io/c/7518894/3973367/54841?prodsku=15828112998782&u=https%3A%2F%2Feu.lounge.com%2Fproducts%2Fpointelle-bralette-ditsy-floral-print&intsrc=CATF_35417
15754123706750,Pointelle Brazilian Briefs - Ivory Floral Print,Bottoms,Sin stock en todas las variantes,N,6,0,14.0,https://loungeeu.sjv.io/c/7518894/3973367/54841?prodsku=15754123706750&u=https%3A%2F%2Feu.lounge.com%2Fproducts%2Fpointelle-brazilian-briefs-ivory-floral-print&intsrc=CATF_35417
15015496122750,Pointelle Briefs - Buttercup Yellow,Bottoms,Sin stock en todas las variantes,N,6,0,8.0,https://loungeeu.sjv.io/c/7518894/3973367/54841?prodsku=15015496122750&u=https%3A%2F%2Feu.lounge.com%2Fproducts%2Fpointelle-briefs-buttercup-yellow&intsrc=CATF_35417
15015495893374,Pointelle Briefs - Cream,Bottoms,Sin stock en todas las variantes,N,6,0,8.0,https://loungeeu.sjv.io/c/7518894/3973367/54841?prodsku=15015495893374&u=https%3A%2F%2Feu.lounge.com%2Fproducts%2Fpointelle-briefs-cream&intsrc=CATF_35417
15015496319358,Pointelle Briefs - Pink Floral,Bottoms,Sin stock en todas las variantes,N,6,0,8.0,https://loungeeu.sjv.io/c/7518894/3973367/54841?prodsku=15015496319358&u=https%3A%2F%2Feu.lounge.com%2Fproducts%2Fpointelle-briefs-pink-floral&intsrc=CATF_35417
15015459815806,Pointelle Cardigan - Cream,Sleep,Sin stock en todas las variantes,N,6,0,20.0,https://loungeeu.sjv.io/c/7518894/3973367/54841?prodsku=15015459815806&u=https%3A%2F%2Feu.lounge.com%2Fproducts%2Fpointelle-cardigan-cream&intsrc=CATF_35417
15712406962558,Pointelle Pyjama Bottoms - Blue Floral,Sleep,Sin stock en todas las variantes,N,6,0,45.0,https://loungeeu.sjv.io/c/7518894/3973367/54841?prodsku=15712406962558&u=https%3A%2F%2Feu.lounge.com%2Fproducts%2Fpointelle-pyjama-bottoms-blue-floral&intsrc=CATF_35417
15015459881342,Pointelle Pyjama Top - Pink Floral,Sleep,Sin stock en todas las variantes,N,6,0,20.0,https://loungeeu.sjv.io/c/7518894/3973367/54841?prodsku=15015459881342&u=https%3A%2F%2Feu.lounge.com%2Fproducts%2Fpointelle-pyjama-top-pink-floral&intsrc=CATF_35417
15015459946878,Pointelle Romper - Cream,Sleep,Sin stock en todas las variantes,N,6,0,25.0,https://loungeeu.sjv.io/c/7518894/3973367/54841?prodsku=15015459946878&u=https%3A%2F%2Feu.lounge.com%2Fproducts%2Fpointelle-romper-cream&intsrc=CATF_35417
15827870679422,Polo Vest Top - Black,Apparel,Sin stock en todas las variantes,N,6,0,45.0,https://loungeeu.sjv.io/c/7518894/3973367/54841?prodsku=15827870679422&u=https%3A%2F%2Feu.lounge.com%2Fproducts%2Fpolo-vest-top-black&intsrc=CATF_35417
15547088273790,Ribbed Hem Knitted Trousers - Mink,Apparel,Sin stock en todas las variantes,N,12,0,36.0,https://loungeeu.sjv.io/c/7518894/3973367/54841?prodsku=15547088273790&u=https%3A%2F%2Feu.lounge.com%2Fproducts%2Fribbed-hem-knitted-trousers-mink&intsrc=CATF_35417
7011206594596,Ribbed Thong - Black,Bottoms,Sin stock en todas las variantes,N,7,0,14.0,https://loungeeu.sjv.io/c/7518894/3973367/54841?prodsku=7011206594596&u=https%3A%2F%2Feu.lounge.com%2Fproducts%2Fribbed-balcony-thong-black&intsrc=CATF_35417
6807376134180,Royal Thong - Black,Bottoms,Sin stock en todas las variantes,N,7,0,7.2,https://loungeeu.sjv.io/c/7518894/3973367/54841?prodsku=6807376134180&u=https%3A%2F%2Feu.lounge.com%2Fproducts%2Fsustainable-royal-balcony-thong-black&intsrc=CATF_35417
6809089703972,Royal Thong - Navy,Bottoms,Sin stock en todas las variantes,N,7,0,7.2,https://loungeeu.sjv.io/c/7518894/3973367/54841?prodsku=6809089703972&u=https%3A%2F%2Feu.lounge.com%2Fproducts%2Fsustainable-royal-balcony-thong-navy&intsrc=CATF_35417
15821206094206,Ruched Bralette - Black,Apparel,Sin stock en todas las variantes,N,6,0,40.0,https://loungeeu.sjv.io/c/7518894/3973367/54841?prodsku=15821206094206&u=https%3A%2F%2Feu.lounge.com%2Fproducts%2Fruched-bralette-black&intsrc=CATF_35417
15821205733758,Ruched Bralette - Cream,Apparel,Sin stock en todas las variantes,N,6,0,40.0,https://loungeeu.sjv.io/c/7518894/3973367/54841?prodsku=15821205733758&u=https%3A%2F%2Feu.lounge.com%2Fproducts%2Fruched-bralette-cream&intsrc=CATF_35417
15851377721726,Ruched Corset Top - Cream Floral,Apparel,Sin stock en todas las variantes,N,7,0,80.0,https://loungeeu.sjv.io/c/7518894/3973367/54841?prodsku=15851377721726&u=https%3A%2F%2Feu.lounge.com%2Fproducts%2Fruched-corset-top-cream-floral&intsrc=CATF_35417
15821204521342,Ruched Maxi Skirt (Set) - Washed Lime,Apparel,Sin stock en todas las variantes,N,6,0,50.0,https://loungeeu.sjv.io/c/7518894/3973367/54841?prodsku=15821204521342&u=https%3A%2F%2Feu.lounge.com%2Fproducts%2Fruched-maxi-skirt-washed-lime&intsrc=CATF_35417
15821205176702,Ruched Tencel Maxi Dress - Black,Apparel,Sin stock en todas las variantes,N,6,0,100.0,https://loungeeu.sjv.io/c/7518894/3973367/54841?prodsku=15821205176702&u=https%3A%2F%2Feu.lounge.com%2Fproducts%2Fruched-tencel-maxi-dress-black&intsrc=CATF_35417
15821205078398,Ruched Tencel Maxi Dress - Cream,Apparel,Sin stock en todas las variantes,N,6,0,100.0,https://loungeeu.sjv.io/c/7518894/3973367/54841?prodsku=15821205078398&u=https%3A%2F%2Feu.lounge.com%2Fproducts%2Fruched-tencel-maxi-dress-cream&intsrc=CATF_35417
15821205537150,Ruched Tencel Mini Dress - Black,Apparel,Sin stock en todas las variantes,N,6,0,80.0,https://loungeeu.sjv.io/c/7518894/3973367/54841?prodsku=15821205537150&u=https%3A%2F%2Feu.lounge.com%2Fproducts%2Fruched-tencel-mini-dress-black&intsrc=CATF_35417
15821205340542,Ruched Tencel Mini Dress - Lime,Apparel,Sin stock en todas las variantes,N,6,0,80.0,https://loungeeu.sjv.io/c/7518894/3973367/54841?prodsku=15821205340542&u=https%3A%2F%2Feu.lounge.com%2Fproducts%2Fruched-tencel-mini-dress-lime&intsrc=CATF_35417
15587902325118,Satin & Lace Mini Dress - Black,Apparel,Sin stock en todas las variantes,N,6,0,72.0,https://loungeeu.sjv.io/c/7518894/3973367/54841?prodsku=15587902325118&u=https%3A%2F%2Feu.lounge.com%2Fproducts%2Fsatin-lace-mini-dress-black&intsrc=CATF_35417
15851379130750,Satin Cowl-Neck Cami Top - Black,Apparel,Sin stock en todas las variantes,N,6,0,45.0,https://loungeeu.sjv.io/c/7518894/3973367/54841?prodsku=15851379130750&u=https%3A%2F%2Feu.lounge.com%2Fproducts%2Fsatin-lace-cowl-neck-cami-top-black&intsrc=CATF_35417
15851378934142,Satin Cowl-Neck Cami Top - Cream,Apparel,Sin stock en todas las variantes,N,6,0,45.0,https://loungeeu.sjv.io/c/7518894/3973367/54841?prodsku=15851378934142&u=https%3A%2F%2Feu.lounge.com%2Fproducts%2Fsatin-lace-cowl-neck-cami-top-cream&intsrc=CATF_35417
15934770119038,Satin Fitted Maxi Skirt - Chocolate,Apparel,Sin stock en todas las variantes,N,6,0,55.0,https://loungeeu.sjv.io/c/7518894/3973367/54841?prodsku=15934770119038&u=https%3A%2F%2Feu.lounge.com%2Fproducts%2Fsatin-fitted-maxi-skirt-chocolate&intsrc=CATF_35417
15934770217342,Satin Fitted Maxi Skirt - Lemon,Apparel,Sin stock en todas las variantes,N,6,0,55.0,https://loungeeu.sjv.io/c/7518894/3973367/54841?prodsku=15934770217342&u=https%3A%2F%2Feu.lounge.com%2Fproducts%2Fsatin-fitted-maxi-skirt-lemon&intsrc=CATF_35417
15851377951102,Satin Lace Mini Dress - Mocha,Apparel,Sin stock en todas las variantes,N,7,0,70.0,https://loungeeu.sjv.io/c/7518894/3973367/54841?prodsku=15851377951102&u=https%3A%2F%2Feu.lounge.com%2Fproducts%2Fsatin-lace-mini-dress-mocha&intsrc=CATF_35417
15851378213246,Satin Lace Shorts - Mocha,Apparel,Sin stock en todas las variantes,N,6,0,55.0,https://loungeeu.sjv.io/c/7518894/3973367/54841?prodsku=15851378213246&u=https%3A%2F%2Feu.lounge.com%2Fproducts%2Fsatin-lace-shorts-mocha&intsrc=CATF_35417
15851378737534,Satin Mini Skirt - Cream,Apparel,Sin stock en todas las variantes,N,6,0,55.0,https://loungeeu.sjv.io/c/7518894/3973367/54841?prodsku=15851378737534&u=https%3A%2F%2Feu.lounge.com%2Fproducts%2Fsatin-mini-skirt-cream&intsrc=CATF_35417
15587902882174,Satin Structured Top - Off White,Apparel,Sin stock en todas las variantes,N,6,0,58.5,https://loungeeu.sjv.io/c/7518894/3973367/54841?prodsku=15587902882174&u=https%3A%2F%2Feu.lounge.com%2Fproducts%2Fstructured-top-off-white&intsrc=CATF_35417
15587902685566,Satin Wide-Leg Trousers - Off White,Apparel,Sin stock en todas las variantes,N,12,0,72.0,https://loungeeu.sjv.io/c/7518894/3973367/54841?prodsku=15587902685566&u=https%3A%2F%2Feu.lounge.com%2Fproducts%2Fwoven-wide-leg-trousers-off-white&intsrc=CATF_35417
7495106625572,Savannah Intimates G-String & Suspender Belt (Set) - Hot Pink,Intimates Set Bottoms,Sin stock en todas las variantes,N,7,0,47.5,https://loungeeu.sjv.io/c/7518894/3973367/54841?prodsku=7495106625572&u=https%3A%2F%2Feu.lounge.com%2Fproducts%2Fsavanah-intimates-g-string-hot-pink&intsrc=CATF_35417
15477374321022,Seam Detail Fitted Blazer - Dark Green,Apparel,Sin stock en todas las variantes,N,6,0,54.0,https://loungeeu.sjv.io/c/7518894/3973367/54841?prodsku=15477374321022&u=https%3A%2F%2Feu.lounge.com%2Fproducts%2Fseam-detail-fitted-blazer-dark-green&intsrc=CATF_35417
15755083841918,Seamless Brazilian Briefs - Black,Bottoms,Sin stock en todas las variantes,N,6,0,12.0,https://loungeeu.sjv.io/c/7518894/3973367/54841?prodsku=15755083841918&u=https%3A%2F%2Feu.lounge.com%2Fproducts%2Fseamless-brazilian-briefs-black&intsrc=CATF_35417
15755084267902,Seamless Brazilian Briefs - Chocolate,Bottoms,Sin stock en todas las variantes,N,6,0,12.0,https://loungeeu.sjv.io/c/7518894/3973367/54841?prodsku=15755084267902&u=https%3A%2F%2Feu.lounge.com%2Fproducts%2Fseamless-brazilian-briefs-chocolate&intsrc=CATF_35417
15755084136830,Seamless Thong - Chocolate,Bottoms,Sin stock en todas las variantes,N,6,0,12.0,https://loungeeu.sjv.io/c/7518894/3973367/54841?prodsku=15755084136830&u=https%3A%2F%2Feu.lounge.com%2Fproducts%2Fseamless-thong-chocolate&intsrc=CATF_35417
15477339718014,Serene Thong - Pink Floral,Bottoms,Sin stock en todas las variantes,N,6,0,18.0,https://loungeeu.sjv.io/c/7518894/3973367/54841?prodsku=15477339718014&u=https%3A%2F%2Feu.lounge.com%2Fproducts%2Fserene-thong-pink-floral&intsrc=CATF_35417
15851376542078,Short-Sleeve Lace Mini Dress - Cream Floral,Apparel,Sin stock en todas las variantes,N,7,0,95.0,https://loungeeu.sjv.io/c/7518894/3973367/54841?prodsku=15851376542078&u=https%3A%2F%2Feu.lounge.com%2Fproducts%2Fshort-sleeve-lace-mini-dress-cream-floral&intsrc=CATF_35417
15544986894718,Slash Neck Top - Cherry Lacquer,Apparel,Sin stock en todas las variantes,N,6,0,27.0,https://loungeeu.sjv.io/c/7518894/3973367/54841?prodsku=15544986894718&u=https%3A%2F%2Feu.lounge.com%2Fproducts%2Fslash-neck-top-cherry-lacquer&intsrc=CATF_35417
15370175840638,Sloane Loafers - Brown,Footwear,Sin stock en todas las variantes,N,5,0,120.0,https://loungeeu.sjv.io/c/7518894/3973367/54841?prodsku=15370175840638&u=https%3A%2F%2Feu.lounge.com%2Fproducts%2Fsloane-loafers-brown&intsrc=CATF_35417
15575792058750,Slogan Thongs (3-Pack) - Navy,Multipack Bottoms,Sin stock en todas las variantes,N,6,0,35.0,https://loungeeu.sjv.io/c/7518894/3973367/54841?prodsku=15575792058750&u=https%3A%2F%2Feu.lounge.com%2Fproducts%2Fslogan-thongs-multipack-navy&intsrc=CATF_35417
7306654154788,Snooze Knitted Socks - Cream,Sleep,Sin stock en todas las variantes,N,2,0,8.4,https://loungeeu.sjv.io/c/7518894/3973367/54841?prodsku=7306654154788&u=https%3A%2F%2Feu.lounge.com%2Fproducts%2Fsnooze-knitted-socks-cream&intsrc=CATF_35417
7306654122020,Snooze Knitted Socks - Fawn,Sleep,Sin stock en todas las variantes,N,2,0,8.4,https://loungeeu.sjv.io/c/7518894/3973367/54841?prodsku=7306654122020&u=https%3A%2F%2Feu.lounge.com%2Fproducts%2Fsnooze-knitted-socks-fawn&intsrc=CATF_35417
15649530118526,Soft Ribbed Thong - Black,Bottoms,Sin stock en todas las variantes,N,6,0,14.0,https://loungeeu.sjv.io/c/7518894/3973367/54841?prodsku=15649530118526&u=https%3A%2F%2Feu.lounge.com%2Fproducts%2Fsoft-ribbed-thong-black&intsrc=CATF_35417
15649530904958,Soft Ribbed Thong - Grey Marl,Bottoms,Sin stock en todas las variantes,N,6,0,14.0,https://loungeeu.sjv.io/c/7518894/3973367/54841?prodsku=15649530904958&u=https%3A%2F%2Feu.lounge.com%2Fproducts%2Fsoft-ribbed-thong-grey-marl&intsrc=CATF_35417
7689684844580,Soft Waffle Pyjama Bottoms - Frost,Sleep,Sin stock en todas las variantes,N,7,0,18.0,https://loungeeu.sjv.io/c/7518894/3973367/54841?prodsku=7689684844580&u=https%3A%2F%2Feu.lounge.com%2Fproducts%2Fwaffle-pyjama-trousers-frost&intsrc=CATF_35417
7689684975652,Soft Waffle Pyjama Bottoms - Mink,Sleep,Sin stock en todas las variantes,N,7,0,18.0,https://loungeeu.sjv.io/c/7518894/3973367/54841?prodsku=7689684975652&u=https%3A%2F%2Feu.lounge.com%2Fproducts%2Fwaffle-pyjama-trousers-mink&intsrc=CATF_35417
7689684910116,Soft Waffle Pyjama Shorts - Frost,Sleep,Sin stock en todas las variantes,N,7,0,14.0,https://loungeeu.sjv.io/c/7518894/3973367/54841?prodsku=7689684910116&u=https%3A%2F%2Feu.lounge.com%2Fproducts%2Fwaffle-pyjama-shorts-frost&intsrc=CATF_35417
7689684942884,Soft Waffle Pyjama Shorts - Mink,Sleep,Sin stock en todas las variantes,N,7,0,14.0,https://loungeeu.sjv.io/c/7518894/3973367/54841?prodsku=7689684942884&u=https%3A%2F%2Feu.lounge.com%2Fproducts%2Fwaffle-pyjama-shorts-mink&intsrc=CATF_35417
15712406602110,Soft Waffle Pyjama Shorts - Pink,Sleep,Sin stock en todas las variantes,N,6,0,35.0,https://loungeeu.sjv.io/c/7518894/3973367/54841?prodsku=15712406602110&u=https%3A%2F%2Feu.lounge.com%2Fproducts%2Fsoft-waffle-pyjama-shorts-pink&intsrc=CATF_35417
15013863752062,Stick-On Bra - Sand,Accessories,Sin stock en todas las variantes,N,6,0,25.0,https://loungeeu.sjv.io/c/7518894/3973367/54841?prodsku=15013863752062&u=https%3A%2F%2Feu.lounge.com%2Fproducts%2Fstick-on-bra-sand&intsrc=CATF_35417
15013863620990,Stick-On Push-Up Bra - Mocha,Accessories,Sin stock en todas las variantes,N,5,0,25.0,https://loungeeu.sjv.io/c/7518894/3973367/54841?prodsku=15013863620990&u=https%3A%2F%2Feu.lounge.com%2Fproducts%2Fstick-on-push-up-bra-mocha&intsrc=CATF_35417
15013863653758,Stick-On Push-Up Bra - Nutmeg,Accessories,Sin stock en todas las variantes,N,5,0,25.0,https://loungeeu.sjv.io/c/7518894/3973367/54841?prodsku=15013863653758&u=https%3A%2F%2Feu.lounge.com%2Fproducts%2Fstick-on-push-up-bra-nutmeg&intsrc=CATF_35417
15013863686526,Stick-On Push-Up Bra - Sand,Accessories,Sin stock en todas las variantes,N,5,0,25.0,https://loungeeu.sjv.io/c/7518894/3973367/54841?prodsku=15013863686526&u=https%3A%2F%2Feu.lounge.com%2Fproducts%2Fstick-on-push-up-bra-sand&intsrc=CATF_35417
7723697537060,Straight Leg Joggers - Grey Marl,Apparel,Sin stock en todas las variantes,N,14,0,24.0,https://loungeeu.sjv.io/c/7518894/3973367/54841?prodsku=7723697537060&u=https%3A%2F%2Feu.lounge.com%2Fproducts%2Fstraight-leg-joggers-grey-marl&intsrc=CATF_35417
14888155185534,Structured Dress - Black,Apparel,Sin stock en todas las variantes,N,6,0,45.0,https://loungeeu.sjv.io/c/7518894/3973367/54841?prodsku=14888155185534&u=https%3A%2F%2Feu.lounge.com%2Fproducts%2Fstructured-dress-black&intsrc=CATF_35417
14888154661246,Structured Jacket - Grey Pinstripe,Apparel,Sin stock en todas las variantes,N,6,0,40.0,https://loungeeu.sjv.io/c/7518894/3973367/54841?prodsku=14888154661246&u=https%3A%2F%2Feu.lounge.com%2Fproducts%2Fstructured-jacket-grey-pinstripe&intsrc=CATF_35417
14888155087230,Structured Skirt - Grey Pinstripe,Apparel,Sin stock en todas las variantes,N,6,0,27.5,https://loungeeu.sjv.io/c/7518894/3973367/54841?prodsku=14888155087230&u=https%3A%2F%2Feu.lounge.com%2Fproducts%2Fstructured-skirt-grey-pinstripe&intsrc=CATF_35417
15544984764798,Suedette Shorts - Black,Apparel,Sin stock en todas las variantes,N,6,0,33.0,https://loungeeu.sjv.io/c/7518894/3973367/54841?prodsku=15544984764798&u=https%3A%2F%2Feu.lounge.com%2Fproducts%2Fsuedette-shorts-black&intsrc=CATF_35417
15701380301182,Sultry Wired Bodysuit - Black,Intimates,Sin stock en todas las variantes,N,7,0,65.0,https://loungeeu.sjv.io/c/7518894/3973367/54841?prodsku=15701380301182&u=https%3A%2F%2Feu.lounge.com%2Fproducts%2Fsultry-wired-bodysuit-black&intsrc=CATF_35417
15828014301566,Sunstripe High-Leg Bikini Thong - Retro Stripe,Swim Bottoms,Sin stock en todas las variantes,N,6,0,40.0,https://loungeeu.sjv.io/c/7518894/3973367/54841?prodsku=15828014301566&u=https%3A%2F%2Feu.lounge.com%2Fproducts%2Fsunstripe-high-leg-bikini-thong-retro-stripe&intsrc=CATF_35417
15828014334334,Sunstripe High-Leg Brazilian Bikini Briefs - Retro Stripe,Swim Bottoms,Sin stock en todas las variantes,N,6,0,40.0,https://loungeeu.sjv.io/c/7518894/3973367/54841?prodsku=15828014334334&u=https%3A%2F%2Feu.lounge.com%2Fproducts%2Fsunstripe-high-leg-brazilian-bikini-briefs-retro-stripe&intsrc=CATF_35417
15828013973886,Sunstripe Swimsuit - Retro Stripe,Swim,Sin stock en todas las variantes,N,6,0,65.0,https://loungeeu.sjv.io/c/7518894/3973367/54841?prodsku=15828013973886&u=https%3A%2F%2Feu.lounge.com%2Fproducts%2Fsunstripe-swimsuit-retro-stripe&intsrc=CATF_35417
15828014399870,Sunstripe Wired Bikini Top - Retro Stripe,Swim Top,Sin stock en todas las variantes,N,7,0,45.0,https://loungeeu.sjv.io/c/7518894/3973367/54841?prodsku=15828014399870&u=https%3A%2F%2Feu.lounge.com%2Fproducts%2Fsunstripe-wired-bikini-top-retro-stripe&intsrc=CATF_35417
14888154628478,Tailored Turn-Up Trousers - Charcoal,Apparel,Sin stock en todas las variantes,N,12,0,27.0,https://loungeeu.sjv.io/c/7518894/3973367/54841?prodsku=14888154628478&u=https%3A%2F%2Feu.lounge.com%2Fproducts%2Ftailored-turn-up-trousers-charcoal&intsrc=CATF_35417
14888154726782,Tailored Waistcoat - Charcoal,Apparel,Sin stock en todas las variantes,N,6,0,16.5,https://loungeeu.sjv.io/c/7518894/3973367/54841?prodsku=14888154726782&u=https%3A%2F%2Feu.lounge.com%2Fproducts%2Ftailored-waistcoat-charcoal&intsrc=CATF_35417
15615527125374,Tease Medium Push-Up Balcony Bra - Pink,Set,Sin stock en todas las variantes,N,48,0,50.0,https://loungeeu.sjv.io/c/7518894/3973367/54841?prodsku=15615527125374&u=https%3A%2F%2Feu.lounge.com%2Fproducts%2Ftease-push-up-balcony-bra-pink&intsrc=CATF_35417
15015459783038,Towelling Bathrobe - Floral Print,Sleep,Sin stock en todas las variantes,N,3,0,44.0,https://loungeeu.sjv.io/c/7518894/3973367/54841?prodsku=15015459783038&u=https%3A%2F%2Feu.lounge.com%2Fproducts%2Ftowelling-bathrobe-floral-print&intsrc=CATF_35417
15712407290238,Towelling Bathrobe - White Print,Sleep,Sin stock en todas las variantes,N,3,0,60.0,https://loungeeu.sjv.io/c/7518894/3973367/54841?prodsku=15712407290238&u=https%3A%2F%2Feu.lounge.com%2Fproducts%2Ftowelling-bathrobe-white-floral&intsrc=CATF_35417
14842107593086,Towelling Dressing Gown - White,Sleep,Sin stock en todas las variantes,N,3,0,63.75,https://loungeeu.sjv.io/c/7518894/3973367/54841?prodsku=14842107593086&u=https%3A%2F%2Feu.lounge.com%2Fproducts%2Ftowelling-dressing-gown-white&intsrc=CATF_35417
56663823548798,Valentina Blindfold & Hand Tie Bundle - Wine,Accessories,Sin stock en todas las variantes,N,0,0,30.0,https://loungeeu.sjv.io/c/7518894/3973367/54841?prodsku=56663823548798&u=https%3A%2F%2Feu.lounge.com%2Fproducts%2Fvalentina-blindfold-hand-tie-bundle&intsrc=CATF_35417
15827772113278,Valeria High Heels - Sand,Footwear,Sin stock en todas las variantes,N,5,0,145.0,https://loungeeu.sjv.io/c/7518894/3973367/54841?prodsku=15827772113278&u=https%3A%2F%2Feu.lounge.com%2Fproducts%2Fvaleria-high-heels-sand&intsrc=CATF_35417
7729561042980,Vida Balcony Bra - Black,Set,Sin stock en todas las variantes,N,60,0,50.0,https://loungeeu.sjv.io/c/7518894/3973367/54841?prodsku=7729561042980&u=https%3A%2F%2Feu.lounge.com%2Fproducts%2Fvida-balcony-bra-black&intsrc=CATF_35417
7729561075748,Vida Thong - Black,Bottoms,Sin stock en todas las variantes,N,7,0,20.0,https://loungeeu.sjv.io/c/7518894/3973367/54841?prodsku=7729561075748&u=https%3A%2F%2Feu.lounge.com%2Fproducts%2Fvida-thong-black&intsrc=CATF_35417
14888155513214,Waffle Wide Leg Trousers - Chocolate,Apparel,Sin stock en todas las variantes,N,12,0,25.0,https://loungeeu.sjv.io/c/7518894/3973367/54841?prodsku=14888155513214&u=https%3A%2F%2Feu.lounge.com%2Fproducts%2Fwaffle-wide-leg-trousers-chocolate&intsrc=CATF_35417
15707562606974,Wide-Leg Pleat Detail Trousers - Off White,Apparel,Sin stock en todas las variantes,N,12,0,80.0,https://loungeeu.sjv.io/c/7518894/3973367/54841?prodsku=15707562606974&u=https%3A%2F%2Feu.lounge.com%2Fproducts%2Fwide-leg-pleat-detail-trousers-off-white&intsrc=CATF_35417
15863195992446,Wired Cami Top - Blue,Apparel,Sin stock en todas las variantes,N,7,0,65.0,https://loungeeu.sjv.io/c/7518894/3973367/54841?prodsku=15863195992446&u=https%3A%2F%2Feu.lounge.com%2Fproducts%2Fwired-cami-top-blue&intsrc=CATF_35417
15863195926910,Wired Cami Top - Navy,Apparel,Sin stock en todas las variantes,N,7,0,65.0,https://loungeeu.sjv.io/c/7518894/3973367/54841?prodsku=15863195926910&u=https%3A%2F%2Feu.lounge.com%2Fproducts%2Fwired-cami-top-navy&intsrc=CATF_35417
15863195894142,Wired Corset Top - Lemon,Apparel,Sin stock en todas las variantes,N,7,0,65.0,https://loungeeu.sjv.io/c/7518894/3973367/54841?prodsku=15863195894142&u=https%3A%2F%2Feu.lounge.com%2Fproducts%2Fwired-corset-top-lemon&intsrc=CATF_35417
15863196090750,Wired Plunge Maxi Dress - Cream Floral,Apparel,Sin stock en todas las variantes,N,7,0,145.0,https://loungeeu.sjv.io/c/7518894/3973367/54841?prodsku=15863196090750&u=https%3A%2F%2Feu.lounge.com%2Fproducts%2Fwired-plunge-maxi-dress-cream-print&intsrc=CATF_35417
